instance_id;figure_id;image_file;dynamic_prompt;answer_options;figure_type;qa_pair_type;caption;question;gold;prediction;rouge1_fmeasure;rougeL_fmeasure;bertscore_f1
9f9f0fc2cfdd967839bd3521e8157da7;2007.07860v1-Figure4-1;2007.07860v1-Figure4-1.png;"You are looking at a line chart with 2 subfigures.
The caption is: 'Figure 4: Crowdflower-Gender Evaluation 1. Fraction of non-brand posts by male user accounts in summaries generated by standard summarization algorithms (a) and our framework (b).'.
Question: Which summarization algorithm is associated with the line labeled 'Centroid-Word2Vec-balanced'?
[Data-only cue] Focus your response more on numeric or textual values.
Use information from the caption when it directly supports your answer; otherwise, focus on data present in the visual itself.
Respond with a concise, one-word or very short phrase. No full sentences, no explanations.
If the response is numeric, use digits only and include any units or suffixes (e.g., %, kg, $).
If the answer cannot be inferred from the figure and caption, please reply with the sentence: 'It is not possible to answer this question based only on the provided data.'
<thinking> Reasoning (do NOT respond yet)
Step 1 Identify the figure type and its axes/legend.
Step 2 Locate the graphical elements relevant to the question.
Step 3 Extract the key-value information.
Step 4 Determine the required values or qualitative trends.
Step 5 Integrate insights from the caption when necessary.
Step 6 Ensure the answer is either Yes or No as required
Step 7 Produce the concise answer following the formatting rules above.

Final respond:";[];line chart;closed-ended infinite answer set non-visual;Figure 4: Crowdflower-Gender Evaluation 1. Fraction of non-brand posts by male user accounts in summaries generated by standard summarization algorithms (a) and our framework (b).;Which summarization algorithm is associated with the line labeled 'Centroid-Word2Vec-balanced'?;Our framework;Centroid-Word2Vec-balanced;0.0;0.0;0.807155430316925
1b1171ec39c8d7fe459d233e1bd0f859;W12-4701.pdf-Figure6;W12-4701.pdf-Figure6.png;"You are looking at a tree.
The caption is: 'Figure 6: Purvakalkatvam'.
Question: What is the meaning of 'pūrvakālikatvam' in this context, and how does it differ from other types of precedence in this diagram?
Use information from the caption when it directly supports your answer; otherwise, focus on data present in the visual itself.
If the answer cannot be inferred from the figure and caption, please reply with the sentence: 'It is not possible to answer this question based only on the provided data.'
<thinking> Reasoning (do NOT respond yet)
Step 1 Identify the figure type and its axes/legend.
Step 2 Locate the graphical elements relevant to the question.
Step 3 Extract the key-value information.
Step 4 Determine the required values or qualitative trends.
Step 5 Integrate insights from the caption when necessary.
Step 6 Ensure the answer is either Yes or No as required
Step 7 Produce the concise answer following the formatting rules above.

Final respond:";[];tree;unanswerable;Figure 6: Purvakalkatvam;What is the meaning of 'pūrvakālikatvam' in this context, and how does it differ from other types of precedence in this diagram?;It is not possible to answer this question based only on the provided data.;In this context, 'pūrvakālikatvam' means precedence. It shows that 'gācchati' (goes) happens after 'pīṭvā' (sitting). This differs from other types of precedence because it specifically indicates the sequence of actions where one event must occur before another.;0.1090909090909091;0.1090909090909091;0.8077276349067688
5bb1d1f5617dff857e173fe535984223;2020.acl-main.78.pdf-Figure1;2020.acl-main.78.pdf-Figure1.png;"You are looking at a neural networks.
The caption is: 'Figure 1: The framework of the proposed SemiORC. denotes the matrix multiplication. In the training process, the predicted labels yi and observed labels yi are used to compute the classification loss for labeled data.'.
Question: Is there only a single starting point in the network with no earlier stages (preceding states)?
[Data-only cue] Focus your response more on numeric or textual values.
Use information from the caption when it directly supports your answer; otherwise, focus on data present in the visual itself.
Please answer with 'Yes' or 'No' only.
If the answer cannot be inferred from the figure and caption, please reply with the sentence: 'It is not possible to answer this question based only on the provided data.'
<thinking> Reasoning (do NOT respond yet)
Step 1 Identify the figure type and its axes/legend.
Step 2 Locate the graphical elements relevant to the question.
Step 3 Extract the key-value information.
Step 4 Determine the required values or qualitative trends.
Step 5 Integrate insights from the caption when necessary.
Step 6 Ensure the answer is either Yes or No as required
Step 7 Produce the concise answer following the formatting rules above.

Final respond:";[];neural networks;closed-ended finite answer set binary non-visual;Figure 1: The framework of the proposed SemiORC. denotes the matrix multiplication. In the training process, the predicted labels yi and observed labels yi are used to compute the classification loss for labeled data.;Is there only a single starting point in the network with no earlier stages (preceding states)?;No;<thinking> Step 1: The figure shows a neural network with multiple components including LSTM, Bi-LSTM, and Classifier. Step 2: The input is fed into the Bi-LSTM layers, which suggests that the input is the starting point. Step 3: The caption mentions matrix multiplication and the use of predicted and observed labels, but does not specify the presence of earlier stages. Step 4: The network appears to have a clear starting point with the input being processed by the Bi-LSTM layers. Step 5: Based on the visual and caption information, there is a single starting point with the input.. Answer:;0.0;0.0;0.8123617172241211
400feb7330cf28b1b160c5bca99e82ed;1608.00929v1-Figure2-1;1608.00929v1-Figure2-1.png;"You are looking at a line chart with 2 subfigures.
The caption is: 'Figure 2: Left: Densities versus oracle error rates of lattices generated by different pruning methods.Right: Time spent on generating the lattices with different pruning methods.'.
Question: What is the value of the lattice density when the oracle error rate of the blue line is at its minimum?
[Visual cue] Pay attention to color, position, shape, size, height, or direction.
Use information from the caption when it directly supports your answer; otherwise, focus on data present in the visual itself.
Respond with a concise, one-word or very short phrase. No full sentences, no explanations.
If the response is numeric, use digits only and include any units or suffixes (e.g., %, kg, $).
If the answer cannot be inferred from the figure and caption, please reply with the sentence: 'It is not possible to answer this question based only on the provided data.'
<thinking> Reasoning (do NOT respond yet)
Step 1 Identify the figure type and its axes/legend.
Step 2 Locate the graphical elements relevant to the question.
Step 3 Extract the key-value information.
Step 4 Determine the required values or qualitative trends.
Step 5 Integrate insights from the caption when necessary.
Step 6 Ensure the answer is either Yes or No as required
Step 7 Produce the concise answer following the formatting rules above.

Final respond:";[];line chart;closed-ended infinite answer set visual;Figure 2: Left: Densities versus oracle error rates of lattices generated by different pruning methods.Right: Time spent on generating the lattices with different pruning methods.;What is the value of the lattice density when the oracle error rate of the blue line is at its minimum?;400 - 800;It is not possible to answer this question based only on the provided data.;0.0;0.0;0.8161489367485046
c4a67903f76ebc0b4fb01f20793093c2;1805.00471v1-Figure3-1;1805.00471v1-Figure3-1.png;"You are looking at a line chart.
The caption is: 'Figure 3. For the Arkansas dataset, the average topic distance between the “training” half and “validation” half the black interviewer dataset (the “baseline”) compared to the average topic distance between the “training” half of the black interviewer dataset and the white interviewer dataset (the “dist”).'.
Question: What is the maximum number of topics?
[Data-only cue] Focus your response more on numeric or textual values.
Use information from the caption when it directly supports your answer; otherwise, focus on data present in the visual itself.
Respond with a concise, one-word or very short phrase. No full sentences, no explanations.
If the response is numeric, use digits only and include any units or suffixes (e.g., %, kg, $).
If the answer cannot be inferred from the figure and caption, please reply with the sentence: 'It is not possible to answer this question based only on the provided data.'
<thinking> Reasoning (do NOT respond yet)
Step 1 Identify the figure type and its axes/legend.
Step 2 Locate the graphical elements relevant to the question.
Step 3 Extract the key-value information.
Step 4 Determine the required values or qualitative trends.
Step 5 Integrate insights from the caption when necessary.
Step 6 Ensure the answer is either Yes or No as required
Step 7 Produce the concise answer following the formatting rules above.

Final respond:";[];line chart;closed-ended infinite answer set non-visual;Figure 3. For the Arkansas dataset, the average topic distance between the “training” half and “validation” half the black interviewer dataset (the “baseline”) compared to the average topic distance between the “training” half of the black interviewer dataset and the white interviewer dataset (the “dist”).;What is the maximum number of topics?;100;It is not possible to answer this question based only on the provided data.;0.0;0.0;0.8164634704589844
a793b91164b30d61877269e565ba6c48;2020.acl-main.343.pdf-Figure4;2020.acl-main.343.pdf-Figure4.png;"You are looking at a scatter plot with 6 subfigures.
The caption is: 'Figure 4: Visualization in Unimodal Representations. In each subfigure, red, green, and blue points represent the unimodal representations in text, audio, and video, respectively. The first row shows the learned representations from models with the multimodal task only. The second row shows the learned representations from multi-task models. The two subgraphs in the same column contrast each other'.
Question: Which model has a plot with the lowest maximum value marked on its x axis
[Data-only cue] Focus your response more on numeric or textual values.
Use information from the caption when it directly supports your answer; otherwise, focus on data present in the visual itself.
Available options: {'A': 'MLF-DNN', 'B': 'MTFN', 'C': 'MLMF', 'D': 'They are all equal.'}.
Respond only with the corresponding option keyword(s) (e.g., 'A' or 'A,B' if multiple apply, without space between).
Do not include explanations, full sentences, or option text.
If the answer cannot be inferred from the figure and caption, please reply with the sentence: 'It is not possible to answer this question based only on the provided data.'
<thinking> Reasoning (do NOT respond yet)
Step 1 Identify the figure type and its axes/legend.
Step 2 Locate the graphical elements relevant to the question.
Step 3 Extract the key-value information.
Step 4 Determine the required values or qualitative trends.
Step 5 Integrate insights from the caption when necessary.
Step 6 Evaluate the provided answer choices and select the best one
Step 7 Produce the concise answer following the formatting rules above.

Final respond:";"[{""A"": ""MLF-DNN"", ""B"": null, ""C"": null, ""D"": null}, {""A"": null, ""B"": ""MTFN"", ""C"": null, ""D"": null}, {""A"": null, ""B"": null, ""C"": ""MLMF"", ""D"": null}, {""A"": null, ""B"": null, ""C"": null, ""D"": ""They are all equal.""}]";scatter plot;closed-ended finite answer set non-binary non-visual;Figure 4: Visualization in Unimodal Representations. In each subfigure, red, green, and blue points represent the unimodal representations in text, audio, and video, respectively. The first row shows the learned representations from models with the multimodal task only. The second row shows the learned representations from multi-task models. The two subgraphs in the same column contrast each other;Which model has a plot with the lowest maximum value marked on its x axis;C;It is not possible to answer this question based only on the provided data.;0.0;0.0;0.818534791469574
413e41dfa10a6dd874630b2f4ad13c8d;2010.06595v1-Figure4-1;2010.06595v1-Figure4-1.png;"You are looking at a line chart.
The caption is: 'Figure 4: Power analysis for MT, showing how power increases with n and ∆B , using an average of fitted values for P0 and b0. Based on this analysis, we expect that an experiment with a test set of 2000 sentences would have approximately 75% power to detect a difference of 1 BLEU point as significant. For additional plots, refer to Figure 17 in Appendix G.'.
Question: Is the power greater than 0.75 for all differences in BLEU when the sample size is 4000?
Use information from the caption when it directly supports your answer; otherwise, focus on data present in the visual itself.
If the answer cannot be inferred from the figure and caption, please reply with the sentence: 'It is not possible to answer this question based only on the provided data.'
<thinking> Reasoning (do NOT respond yet)
Step 1 Identify the figure type and its axes/legend.
Step 2 Locate the graphical elements relevant to the question.
Step 3 Extract the key-value information.
Step 4 Determine the required values or qualitative trends.
Step 5 Integrate insights from the caption when necessary.
Step 6 Ensure the answer is either Yes or No as required
Step 7 Produce the concise answer following the formatting rules above.

Final respond:";[];line chart;unanswerable;Figure 4: Power analysis for MT, showing how power increases with n and ∆B , using an average of fitted values for P0 and b0. Based on this analysis, we expect that an experiment with a test set of 2000 sentences would have approximately 75% power to detect a difference of 1 BLEU point as significant. For additional plots, refer to Figure 17 in Appendix G.;Is the power greater than 0.75 for all differences in BLEU when the sample size is 4000?;It is not possible to answer this question based only on the provided data.;The caption states that an experiment with a test set of 2000 sentences would have about 75% power to detect a difference of 1 BLEU point as significant. The line chart shows that as the sample size increases, the power also increases. At a sample size of 4000, the power for differences of 2.0, 3.0, 4.0, and 5.0 BLEU points is above 0.75. However, for a difference of 1.0 BLEU point, the power is slightly below 0.75 at 4;0.06;0.04;0.8223840594291687
68ff5a73c1e06568eb4c7277364c37d2;1907.00488v1-Figure4.7-1;1907.00488v1-Figure4.7-1.png;"You are looking at a line chart with 2 subfigures.
The caption is: 'Figure 4.7: Two-epoch model likelihoods. Fisher maximum-likelihood estimation for a 2-epoch BEE model over the text-to-text and text-to-past k = 80 models of 647 of Darwin’s readings. The darker line indicates the window of the 5-year minimum epoch length. Note the phase transition at the 325th volume in the text-to-past case (bottom) and the 548th volume in the text-to-text case (top). Note also that the text-topast case comes close to transition at the 548th volume as well, indicating the strength of the transition to exploration in the third epoch on both local and global scales.'.
Question: How many datapoints were used to draw the curves in figure 4.7?
Use information from the caption when it directly supports your answer; otherwise, focus on data present in the visual itself.
If the answer cannot be inferred from the figure and caption, please reply with the sentence: 'It is not possible to answer this question based only on the provided data.'
<thinking> Reasoning (do NOT respond yet)
Step 1 Identify the figure type and its axes/legend.
Step 2 Locate the graphical elements relevant to the question.
Step 3 Extract the key-value information.
Step 4 Determine the required values or qualitative trends.
Step 5 Integrate insights from the caption when necessary.
Step 6 Ensure the answer is either Yes or No as required
Step 7 Produce the concise answer following the formatting rules above.

Final respond:";[];line chart;unanswerable;Figure 4.7: Two-epoch model likelihoods. Fisher maximum-likelihood estimation for a 2-epoch BEE model over the text-to-text and text-to-past k = 80 models of 647 of Darwin’s readings. The darker line indicates the window of the 5-year minimum epoch length. Note the phase transition at the 325th volume in the text-to-past case (bottom) and the 548th volume in the text-to-text case (top). Note also that the text-topast case comes close to transition at the 548th volume as well, indicating the strength of the transition to exploration in the third epoch on both local and global scales.;How many datapoints were used to draw the curves in figure 4.7?;It is not possible to answer this question based only on the provided data.;The caption states that the Fisher maximum-likelihood estimation was performed over 647 of Darwin's readings. This indicates that there are 647 data points used to draw the curves in figure 4.7.;0.1666666666666666;0.0833333333333333;0.8511996269226074
f864eff69d4d3ee270b91460c8dd0a94;2020.acl-main.170.pdf-Figure7;2020.acl-main.170.pdf-Figure7.png;"You are looking at a scatter plot with 2 subfigures.
The caption is: 'Figure 7: Visualization of source embeddings. Models trained on WMT14 En-Fr (4m).'.
Question: Which model is represented in the graph (a)?
[Data-only cue] Focus your response more on numeric or textual values.
Use information from the caption when it directly supports your answer; otherwise, focus on data present in the visual itself.
Respond with a concise, one-word or very short phrase. No full sentences, no explanations.
If the response is numeric, use digits only and include any units or suffixes (e.g., %, kg, $).
If the answer cannot be inferred from the figure and caption, please reply with the sentence: 'It is not possible to answer this question based only on the provided data.'
<thinking> Reasoning (do NOT respond yet)
Step 1 Identify the figure type and its axes/legend.
Step 2 Locate the graphical elements relevant to the question.
Step 3 Extract the key-value information.
Step 4 Determine the required values or qualitative trends.
Step 5 Integrate insights from the caption when necessary.
Step 6 Ensure the answer is either Yes or No as required
Step 7 Produce the concise answer following the formatting rules above.

Final respond:";[];scatter plot;closed-ended infinite answer set non-visual;Figure 7: Visualization of source embeddings. Models trained on WMT14 En-Fr (4m).;Which model is represented in the graph (a)?;BPE;RPF;0.0;0.0;0.8846979737281799
624694491ef57d9e5f2b134b9dafec78;1904.03670v2-Figure3-1;1904.03670v2-Figure3-1.png;"You are looking at a line chart with 2 subfigures.
The caption is: 'Figure 3: Accuracy on the validation set over time for models trained on (a) the full SLU dataset or (b) 10% of the dataset.'.
Question: Do the lines in the right graph ever reach higher than the maximum height of the lines on the left graph?
[Visual cue] Pay attention to color, position, shape, size, height, or direction.
Use information from the caption when it directly supports your answer; otherwise, focus on data present in the visual itself.
Please answer with 'Yes' or 'No' only.
If the answer cannot be inferred from the figure and caption, please reply with the sentence: 'It is not possible to answer this question based only on the provided data.'
<thinking> Reasoning (do NOT respond yet)
Step 1 Identify the figure type and its axes/legend.
Step 2 Locate the graphical elements relevant to the question.
Step 3 Extract the key-value information.
Step 4 Determine the required values or qualitative trends.
Step 5 Integrate insights from the caption when necessary.
Step 6 Ensure the answer is either Yes or No as required
Step 7 Produce the concise answer following the formatting rules above.

Final respond:";[];line chart;closed-ended finite answer set binary visual;Figure 3: Accuracy on the validation set over time for models trained on (a) the full SLU dataset or (b) 10% of the dataset.;Do the lines in the right graph ever reach higher than the maximum height of the lines on the left graph?;No;Yes.;0.0;0.0;0.9438908696174622
0e66ca115b7a79de916a4d1419d1abc6;2002.12549v1-Figure1-1;2002.12549v1-Figure1-1.png;"You are looking at a line chart with 2 subfigures.
The caption is: 'Figure 1: The UNMT and SNMT performance as the word noise (a value) and word order noise (b value) increases on the noisy En-Fr newstest2014 set.'.
Question: Is the orange dot higher than the blue dot at a = 0 in the left plot?
[Visual cue] Pay attention to color, position, shape, size, height, or direction.
Use information from the caption when it directly supports your answer; otherwise, focus on data present in the visual itself.
Please answer with 'Yes' or 'No' only.
If the answer cannot be inferred from the figure and caption, please reply with the sentence: 'It is not possible to answer this question based only on the provided data.'
<thinking> Reasoning (do NOT respond yet)
Step 1 Identify the figure type and its axes/legend.
Step 2 Locate the graphical elements relevant to the question.
Step 3 Extract the key-value information.
Step 4 Determine the required values or qualitative trends.
Step 5 Integrate insights from the caption when necessary.
Step 6 Ensure the answer is either Yes or No as required
Step 7 Produce the concise answer following the formatting rules above.

Final respond:";[];line chart;closed-ended finite answer set binary visual;Figure 1: The UNMT and SNMT performance as the word noise (a value) and word order noise (b value) increases on the noisy En-Fr newstest2014 set.;Is the orange dot higher than the blue dot at a = 0 in the left plot?;No;Yes.;0.0;0.0;0.9438908696174622
08133487a5cece64083cfcd863195d05;1802.03606v1-Figure7-1;1802.03606v1-Figure7-1.png;"You are looking at a line chart.
The caption is: 'Figure 7. Hadoop vs console test'.
Question: Is the red line consistently above the blue line in the graph?
[Visual cue] Pay attention to color, position, shape, size, height, or direction.
Use information from the caption when it directly supports your answer; otherwise, focus on data present in the visual itself.
Please answer with 'Yes' or 'No' only.
If the answer cannot be inferred from the figure and caption, please reply with the sentence: 'It is not possible to answer this question based only on the provided data.'
<thinking> Reasoning (do NOT respond yet)
Step 1 Identify the figure type and its axes/legend.
Step 2 Locate the graphical elements relevant to the question.
Step 3 Extract the key-value information.
Step 4 Determine the required values or qualitative trends.
Step 5 Integrate insights from the caption when necessary.
Step 6 Ensure the answer is either Yes or No as required
Step 7 Produce the concise answer following the formatting rules above.

Final respond:";[];line chart;closed-ended finite answer set binary visual;Figure 7. Hadoop vs console test;Is the red line consistently above the blue line in the graph?;Yes;No.;0.0;0.0;0.9541510343551636
eefcb73980c9e91bc4f19e45828bb5ba;1811.02549v6-Figure4-1;1811.02549v6-Figure4-1.png;"You are looking at a line chart with 2 subfigures.
The caption is: 'Figure 4: Results on the EMNLP 2017 News dataset. (lower is better for all metrics). MLE under a temperature sweep achieves better quality-diversity trade-off compared to the GAN approaches.'.
Question: Is the blue line representing RL-GAN consistently higher than the red line representing MLE on the right plot?
[Visual cue] Pay attention to color, position, shape, size, height, or direction.
Use information from the caption when it directly supports your answer; otherwise, focus on data present in the visual itself.
Please answer with 'Yes' or 'No' only.
If the answer cannot be inferred from the figure and caption, please reply with the sentence: 'It is not possible to answer this question based only on the provided data.'
<thinking> Reasoning (do NOT respond yet)
Step 1 Identify the figure type and its axes/legend.
Step 2 Locate the graphical elements relevant to the question.
Step 3 Extract the key-value information.
Step 4 Determine the required values or qualitative trends.
Step 5 Integrate insights from the caption when necessary.
Step 6 Ensure the answer is either Yes or No as required
Step 7 Produce the concise answer following the formatting rules above.

Final respond:";[];line chart;closed-ended finite answer set binary visual;Figure 4: Results on the EMNLP 2017 News dataset. (lower is better for all metrics). MLE under a temperature sweep achieves better quality-diversity trade-off compared to the GAN approaches.;Is the blue line representing RL-GAN consistently higher than the red line representing MLE on the right plot?;Yes;No.;0.0;0.0;0.9541510343551636
9d6caf2b4516c90f1e31da3dfd7621e5;2010.04736v1-Figure13-1;2010.04736v1-Figure13-1.png;"You are looking at a line chart with 3 subfigures.
The caption is: 'Figure 13: Accuracy, sufficiency and comprehensiveness of random forest models by number of estimators.'.
Question: Which line (colored differently) represents the ""Movie"" model for 'normalized sufficiency' (panel b)?
[Visual cue] Pay attention to color, position, shape, size, height, or direction.
Use information from the caption when it directly supports your answer; otherwise, focus on data present in the visual itself.
Available options: {'A': 'The green line', 'B': 'The red line', 'C': 'The orange line', 'D': 'The blue line'}.
Respond only with the corresponding option keyword(s) (e.g., 'A' or 'A,B' if multiple apply, without space between).
Do not include explanations, full sentences, or option text.
If the answer cannot be inferred from the figure and caption, please reply with the sentence: 'It is not possible to answer this question based only on the provided data.'
<thinking> Reasoning (do NOT respond yet)
Step 1 Identify the figure type and its axes/legend.
Step 2 Locate the graphical elements relevant to the question.
Step 3 Extract the key-value information.
Step 4 Determine the required values or qualitative trends.
Step 5 Integrate insights from the caption when necessary.
Step 6 Evaluate the provided answer choices and select the best one
Step 7 Produce the concise answer following the formatting rules above.

Final respond:";"[{""A"": ""The green line"", ""B"": null, ""C"": null, ""D"": null}, {""A"": null, ""B"": ""The red line"", ""C"": null, ""D"": null}, {""A"": null, ""B"": null, ""C"": ""The orange line"", ""D"": null}, {""A"": null, ""B"": null, ""C"": null, ""D"": ""The blue line""}]";line chart;closed-ended finite answer set non-binary visual;Figure 13: Accuracy, sufficiency and comprehensiveness of random forest models by number of estimators.;"Which line (colored differently) represents the ""Movie"" model for 'normalized sufficiency' (panel b)?";A;C;0.0;0.0;0.9968453645706176
54b73ac1254bac120f3242343ef1f54a;1705.02304v1-Figure4-1;1705.02304v1-Figure4-1.png;"You are looking at a line chart with 2 subfigures.
The caption is: 'Figure 4: The effect of softmax pre-training, trained and measured in Train50k and Eva200 dataset, using ResCNN network architecture. (a) accuracy (ACC) vs epoch trained and (b) equal error rate (EER) vs epoch trained'.
Question: Which line in the bottom graph represents the model with pre-training?
[Visual cue] Pay attention to color, position, shape, size, height, or direction.
Use information from the caption when it directly supports your answer; otherwise, focus on data present in the visual itself.
Available options: {'A': 'The red line', 'B': 'The blue line', 'C': 'Both lines', 'D': 'Neither line'}.
Respond only with the corresponding option keyword(s) (e.g., 'A' or 'A,B' if multiple apply, without space between).
Do not include explanations, full sentences, or option text.
If the answer cannot be inferred from the figure and caption, please reply with the sentence: 'It is not possible to answer this question based only on the provided data.'
<thinking> Reasoning (do NOT respond yet)
Step 1 Identify the figure type and its axes/legend.
Step 2 Locate the graphical elements relevant to the question.
Step 3 Extract the key-value information.
Step 4 Determine the required values or qualitative trends.
Step 5 Integrate insights from the caption when necessary.
Step 6 Evaluate the provided answer choices and select the best one
Step 7 Produce the concise answer following the formatting rules above.

Final respond:";"[{""A"": ""The red line"", ""B"": null, ""C"": null, ""D"": null}, {""A"": null, ""B"": ""The blue line"", ""C"": null, ""D"": null}, {""A"": null, ""B"": null, ""C"": ""Both lines"", ""D"": null}, {""A"": null, ""B"": null, ""C"": null, ""D"": ""Neither line""}]";line chart;closed-ended finite answer set non-binary visual;Figure 4: The effect of softmax pre-training, trained and measured in Train50k and Eva200 dataset, using ResCNN network architecture. (a) accuracy (ACC) vs epoch trained and (b) equal error rate (EER) vs epoch trained;Which line in the bottom graph represents the model with pre-training?;B;A;0.0;0.0;0.9975547790527344
ed8133d4d9f514fb41bcb814d15995ed;2020.acl-main.72.pdf-Figure7;2020.acl-main.72.pdf-Figure7.png;"You are looking at a line chart with 2 subfigures.
The caption is: 'Figure 7: Hit ratio (|Ui|/|C|) in terms of each iteration number by LR, +Fd(p), and HB. The upper and lower graphs start with one and three seeds, respectively.'.
Question: What is the marker shape for the blue line?
[Visual cue] Pay attention to color, position, shape, size, height, or direction.
Use information from the caption when it directly supports your answer; otherwise, focus on data present in the visual itself.
Available options: {'A': 'Square', 'B': 'Circle', 'C': 'Triangle', 'D': 'X'}.
Respond only with the corresponding option keyword(s) (e.g., 'A' or 'A,B' if multiple apply, without space between).
Do not include explanations, full sentences, or option text.
If the answer cannot be inferred from the figure and caption, please reply with the sentence: 'It is not possible to answer this question based only on the provided data.'
<thinking> Reasoning (do NOT respond yet)
Step 1 Identify the figure type and its axes/legend.
Step 2 Locate the graphical elements relevant to the question.
Step 3 Extract the key-value information.
Step 4 Determine the required values or qualitative trends.
Step 5 Integrate insights from the caption when necessary.
Step 6 Evaluate the provided answer choices and select the best one
Step 7 Produce the concise answer following the formatting rules above.

Final respond:";"[{""A"": ""Square"", ""B"": null, ""C"": null, ""D"": null}, {""A"": null, ""B"": ""Circle"", ""C"": null, ""D"": null}, {""A"": null, ""B"": null, ""C"": ""Triangle"", ""D"": null}, {""A"": null, ""B"": null, ""C"": null, ""D"": ""X""}]";line chart;closed-ended finite answer set non-binary visual;Figure 7: Hit ratio (|Ui|/|C|) in terms of each iteration number by LR, +Fd(p), and HB. The upper and lower graphs start with one and three seeds, respectively.;What is the marker shape for the blue line?;A;B;0.0;0.0;0.9975547790527344
b88830202f0cb1e319b4e57787eb6ccb;N18-1125.pdf-Figure2;N18-1125.pdf-Figure2.png;"You are looking at a neural networks.
The caption is: 'Figure 2: One slice of the architecture of Neural Machine Translation based on a generic attention.'.
Question: Which of the following elements are directly influenced by both ""h"" and ""si-1""?
[Data-only cue] Focus your response more on numeric or textual values.
Use information from the caption when it directly supports your answer; otherwise, focus on data present in the visual itself.
Available options: {'A': 'αi', 'B': 'si', 'C': 'yi', 'D': 'ci'}.
Respond only with the corresponding option keyword(s) (e.g., 'A' or 'A,B' if multiple apply, without space between).
Do not include explanations, full sentences, or option text.
If the answer cannot be inferred from the figure and caption, please reply with the sentence: 'It is not possible to answer this question based only on the provided data.'
<thinking> Reasoning (do NOT respond yet)
Step 1 Identify the figure type and its axes/legend.
Step 2 Locate the graphical elements relevant to the question.
Step 3 Extract the key-value information.
Step 4 Determine the required values or qualitative trends.
Step 5 Integrate insights from the caption when necessary.
Step 6 Evaluate the provided answer choices and select the best one
Step 7 Produce the concise answer following the formatting rules above.

Final respond:";"[{""A"": ""αi"", ""B"": null, ""C"": null, ""D"": null}, {""A"": null, ""B"": ""si"", ""C"": null, ""D"": null}, {""A"": null, ""B"": null, ""C"": ""yi"", ""D"": null}, {""A"": null, ""B"": null, ""C"": null, ""D"": ""ci""}]";neural networks;closed-ended finite answer set non-binary non-visual;Figure 2: One slice of the architecture of Neural Machine Translation based on a generic attention.;"Which of the following elements are directly influenced by both ""h"" and ""si-1""?";A;B;0.0;0.0;0.9975547790527344
6fa3ce3e38b022b8843c42826fe64744;1310.7782v2-Figure5-1;1310.7782v2-Figure5-1.png;"You are looking at a Line Chart.
The caption is: 'Figure 5. Numerical World Color Survey with human JNDs: weakness of the bias. The histogram of the squared distance d = ∑14 i=1(xi − xi) 2 between the position of the i-th centroid and its average (“typical”) value. Black data represent the statistics of those populations displaying 14 linguistic categories at the end of Category Game simulations with the human JND, which were roughly ∼ 1300 of the total 5000 considered populations. The inset displays the actual values of d for each population. Green and red data come from a “Random” model where each “language” is produced by a uniform random distribution of 14 category centroids. A random case with a very large number of languages (red curve) represents the “ideal” statistics of such a model. The distances d from the average pattern (shown in the inset) appear to have a larger average drand than the Category Game model dCG (where by d we refer to the mean value of the random and the CG cases, respectively), but since we are interested in the fluctuations we have rescaled the random model data, dividing them by drand/dCG, in order to compare the histograms. A power law fit ∼ x−3 is also shown as a guide for the eye.'.
Question: Which of the following lines represent a random model with 1300 languages?
[Visual cue] Pay attention to color, position, shape, size, height, or direction.
Use information from the caption when it directly supports your answer; otherwise, focus on data present in the visual itself.
Available options: {'A': 'Green dashed line', 'B': 'Red dashed line', 'C': 'Black dots', 'D': 'Purple dashed line'}.
Respond only with the corresponding option keyword(s) (e.g., 'A' or 'A,B' if multiple apply, without space between).
Do not include explanations, full sentences, or option text.
If the answer cannot be inferred from the figure and caption, please reply with the sentence: 'It is not possible to answer this question based only on the provided data.'
<thinking> Reasoning (do NOT respond yet)
Step 1 Identify the figure type and its axes/legend.
Step 2 Locate the graphical elements relevant to the question.
Step 3 Extract the key-value information.
Step 4 Determine the required values or qualitative trends.
Step 5 Integrate insights from the caption when necessary.
Step 6 Evaluate the provided answer choices and select the best one
Step 7 Produce the concise answer following the formatting rules above.

Final respond:";"[{""A"": ""Green dashed line"", ""B"": null, ""C"": null, ""D"": null}, {""A"": null, ""B"": ""Red dashed line"", ""C"": null, ""D"": null}, {""A"": null, ""B"": null, ""C"": ""Black dots"", ""D"": null}, {""A"": null, ""B"": null, ""C"": null, ""D"": ""Purple dashed line""}]";Line Chart;closed-ended finite answer set non-binary visual;Figure 5. Numerical World Color Survey with human JNDs: weakness of the bias. The histogram of the squared distance d = ∑14 i=1(xi − xi) 2 between the position of the i-th centroid and its average (“typical”) value. Black data represent the statistics of those populations displaying 14 linguistic categories at the end of Category Game simulations with the human JND, which were roughly ∼ 1300 of the total 5000 considered populations. The inset displays the actual values of d for each population. Green and red data come from a “Random” model where each “language” is produced by a uniform random distribution of 14 category centroids. A random case with a very large number of languages (red curve) represents the “ideal” statistics of such a model. The distances d from the average pattern (shown in the inset) appear to have a larger average drand than the Category Game model dCG (where by d we refer to the mean value of the random and the CG cases, respectively), but since we are interested in the fluctuations we have rescaled the random model data, dividing them by drand/dCG, in order to compare the histograms. A power law fit ∼ x−3 is also shown as a guide for the eye.;Which of the following lines represent a random model with 1300 languages?;A;B;0.0;0.0;0.9975547790527344
7e045cc686098f3bf59ae4d1aefd1bf6;2002.10375v2-Figure2-1;2002.10375v2-Figure2-1.png;"You are looking at a line chart.
The caption is: 'Figure 2. Accuracy of two discriminators: one is given access to the source context x while the other is not. The x-axis corresponds to the length of the discriminated sub-sequences.'.
Question: What is the accuracy value of the blue line at t=120?
[Visual cue] Pay attention to color, position, shape, size, height, or direction.
Use information from the caption when it directly supports your answer; otherwise, focus on data present in the visual itself.
Available options: {'A': '0.95', 'B': '0.85', 'C': '0.75', 'D': 'between 0.95 and 100'}.
Respond only with the corresponding option keyword(s) (e.g., 'A' or 'A,B' if multiple apply, without space between).
Do not include explanations, full sentences, or option text.
If the answer cannot be inferred from the figure and caption, please reply with the sentence: 'It is not possible to answer this question based only on the provided data.'
<thinking> Reasoning (do NOT respond yet)
Step 1 Identify the figure type and its axes/legend.
Step 2 Locate the graphical elements relevant to the question.
Step 3 Extract the key-value information.
Step 4 Determine the required values or qualitative trends.
Step 5 Integrate insights from the caption when necessary.
Step 6 Evaluate the provided answer choices and select the best one
Step 7 Produce the concise answer following the formatting rules above.

Final respond:";"[{""A"": ""0.95"", ""B"": null, ""C"": null, ""D"": null}, {""A"": null, ""B"": ""0.85"", ""C"": null, ""D"": null}, {""A"": null, ""B"": null, ""C"": ""0.75"", ""D"": null}, {""A"": null, ""B"": null, ""C"": null, ""D"": ""between 0.95 and 100""}]";line chart;closed-ended finite answer set non-binary visual;Figure 2. Accuracy of two discriminators: one is given access to the source context x while the other is not. The x-axis corresponds to the length of the discriminated sub-sequences.;What is the accuracy value of the blue line at t=120?;D;A;0.0;0.0;0.9985132813453674
0cba32b024551086faaedb3265b600b6;1106.4571v1-Figure16-1;1106.4571v1-Figure16-1.png;"You are looking at a line chart.
The caption is: 'Figure 16: Baseline Artificial Corpus'.
Question: How many dots are there before training example 200?
[Visual cue] Pay attention to color, position, shape, size, height, or direction.
Use information from the caption when it directly supports your answer; otherwise, focus on data present in the visual itself.
Available options: {'A': '3', 'B': '5', 'C': '1', 'D': '4'}.
Respond only with the corresponding option keyword(s) (e.g., 'A' or 'A,B' if multiple apply, without space between).
Do not include explanations, full sentences, or option text.
If the answer cannot be inferred from the figure and caption, please reply with the sentence: 'It is not possible to answer this question based only on the provided data.'
<thinking> Reasoning (do NOT respond yet)
Step 1 Identify the figure type and its axes/legend.
Step 2 Locate the graphical elements relevant to the question.
Step 3 Extract the key-value information.
Step 4 Determine the required values or qualitative trends.
Step 5 Integrate insights from the caption when necessary.
Step 6 Evaluate the provided answer choices and select the best one
Step 7 Produce the concise answer following the formatting rules above.

Final respond:";"[{""A"": ""3"", ""B"": null, ""C"": null, ""D"": null}, {""A"": null, ""B"": ""5"", ""C"": null, ""D"": null}, {""A"": null, ""B"": null, ""C"": ""1"", ""D"": null}, {""A"": null, ""B"": null, ""C"": null, ""D"": ""4""}]";line chart;closed-ended finite answer set non-binary visual;Figure 16: Baseline Artificial Corpus;How many dots are there before training example 200?;A;D;0.0;0.0;0.9985132813453674
c2f39c130bfd95abc725622d04f90f3f;1810.00664v1-Figure2-1;1810.00664v1-Figure2-1.png;"You are looking at a line chart with 9 subfigures.
The caption is: 'Fig. 2. Hyper-parameter tuning of D2V for each testing scenario.'.
Question: Which plot shows the green line above the red line?
[Visual cue] Pay attention to color, position, shape, size, height, or direction.
Use information from the caption when it directly supports your answer; otherwise, focus on data present in the visual itself.
Available options: {'A': 'Top-left plot', 'B': 'Top-right plot', 'C': 'Bottom-left', 'D': 'None'}.
Respond only with the corresponding option keyword(s) (e.g., 'A' or 'A,B' if multiple apply, without space between).
Do not include explanations, full sentences, or option text.
If the answer cannot be inferred from the figure and caption, please reply with the sentence: 'It is not possible to answer this question based only on the provided data.'
<thinking> Reasoning (do NOT respond yet)
Step 1 Identify the figure type and its axes/legend.
Step 2 Locate the graphical elements relevant to the question.
Step 3 Extract the key-value information.
Step 4 Determine the required values or qualitative trends.
Step 5 Integrate insights from the caption when necessary.
Step 6 Evaluate the provided answer choices and select the best one
Step 7 Produce the concise answer following the formatting rules above.

Final respond:";"[{""A"": ""Top-left plot"", ""B"": null, ""C"": null, ""D"": null}, {""A"": null, ""B"": ""Top-right plot"", ""C"": null, ""D"": null}, {""A"": null, ""B"": null, ""C"": ""Bottom-left"", ""D"": null}, {""A"": null, ""B"": null, ""C"": null, ""D"": ""None""}]";line chart;closed-ended finite answer set non-binary visual;Fig. 2. Hyper-parameter tuning of D2V for each testing scenario.;Which plot shows the green line above the red line?;D;A;0.0;0.0;0.9985132813453674
d0c492fc723abf319efed2a700c05d29;2007.03184v1-Figure5-1;2007.03184v1-Figure5-1.png;"You are looking at a Line Chart with 4 subfigures.
The caption is: 'Fig. 5: Sensitivity analysis of maximum length of input sequence'.
Question: Which task(s) show a consistently decreasing trend in performance as the length of input sequence increases?
[Data-only cue] Focus your response more on numeric or textual values.
Use information from the caption when it directly supports your answer; otherwise, focus on data present in the visual itself.
Available options: {'A': 'Link perdition', 'B': 'Similarity search', 'C': 'Node classification', 'D': 'None of the above'}.
Respond only with the corresponding option keyword(s) (e.g., 'A' or 'A,B' if multiple apply, without space between).
Do not include explanations, full sentences, or option text.
If the answer cannot be inferred from the figure and caption, please reply with the sentence: 'It is not possible to answer this question based only on the provided data.'
<thinking> Reasoning (do NOT respond yet)
Step 1 Identify the figure type and its axes/legend.
Step 2 Locate the graphical elements relevant to the question.
Step 3 Extract the key-value information.
Step 4 Determine the required values or qualitative trends.
Step 5 Integrate insights from the caption when necessary.
Step 6 Evaluate the provided answer choices and select the best one
Step 7 Produce the concise answer following the formatting rules above.

Final respond:";"[{""A"": ""Link perdition"", ""B"": null, ""C"": null, ""D"": null}, {""A"": null, ""B"": ""Similarity search"", ""C"": null, ""D"": null}, {""A"": null, ""B"": null, ""C"": ""Node classification"", ""D"": null}, {""A"": null, ""B"": null, ""C"": null, ""D"": ""None of the above""}]";Line Chart;closed-ended finite answer set non-binary non-visual;Fig. 5: Sensitivity analysis of maximum length of input sequence;Which task(s) show a consistently decreasing trend in performance as the length of input sequence increases?;D;A;0.0;0.0;0.9985132813453674
6acc2a4b3bbaa3cbba93ba68cc0ec3ae;S19-2111.pdf-Figure5;S19-2111.pdf-Figure5.png;"You are looking at a confusion matrix.
The caption is: 'Figure 5: Sub-task B, HAD-Tubingen LSTM + Preprocessing.'.
Question: Do larger numbers in the cells always correspond to a higher value on the gradient bar?
[Data-only cue] Focus your response more on numeric or textual values.
Use information from the caption when it directly supports your answer; otherwise, focus on data present in the visual itself.
Please answer with 'Yes' or 'No' only.
If the answer cannot be inferred from the figure and caption, please reply with the sentence: 'It is not possible to answer this question based only on the provided data.'
<thinking> Reasoning (do NOT respond yet)
Step 1 Identify the figure type and its axes/legend.
Step 2 Locate the graphical elements relevant to the question.
Step 3 Extract the key-value information.
Step 4 Determine the required values or qualitative trends.
Step 5 Integrate insights from the caption when necessary.
Step 6 Ensure the answer is either Yes or No as required
Step 7 Produce the concise answer following the formatting rules above.

Final respond:";[];confusion matrix;closed-ended finite answer set binary non-visual;Figure 5: Sub-task B, HAD-Tubingen LSTM + Preprocessing.;Do larger numbers in the cells always correspond to a higher value on the gradient bar?;No;Yes;0.0;0.0;0.9992688894271852
81ccdf247d426da934cadf38fa24a852;N18-1113.pdf-Figure2;N18-1113.pdf-Figure2.png;"You are looking at a Architecture Diagram.
The caption is: 'Figure 2: The Reinforced Co-Training framework.'.
Question: Which of the following is true about the arrows in the figure? 
[Visual cue] Pay attention to color, position, shape, size, height, or direction.
Use information from the caption when it directly supports your answer; otherwise, focus on data present in the visual itself.
Available options: {'A': 'All arrows point to the right.', 'B': 'All arrows point to the left.', 'C': 'All arrows point either to the right or to the left.', 'D': 'None of the above'}.
Respond only with the corresponding option keyword(s) (e.g., 'A' or 'A,B' if multiple apply, without space between).
Do not include explanations, full sentences, or option text.
If the answer cannot be inferred from the figure and caption, please reply with the sentence: 'It is not possible to answer this question based only on the provided data.'
<thinking> Reasoning (do NOT respond yet)
Step 1 Identify the figure type and its axes/legend.
Step 2 Locate the graphical elements relevant to the question.
Step 3 Extract the key-value information.
Step 4 Determine the required values or qualitative trends.
Step 5 Integrate insights from the caption when necessary.
Step 6 Evaluate the provided answer choices and select the best one
Step 7 Produce the concise answer following the formatting rules above.

Final respond:";"[{""A"": ""All arrows point to the right."", ""B"": null, ""C"": null, ""D"": null}, {""A"": null, ""B"": ""All arrows point to the left."", ""C"": null, ""D"": null}, {""A"": null, ""B"": null, ""C"": ""All arrows point either to the right or to the left."", ""D"": null}, {""A"": null, ""B"": null, ""C"": null, ""D"": ""None of the above""}]";Architecture Diagram;closed-ended finite answer set non-binary visual;Figure 2: The Reinforced Co-Training framework.;Which of the following is true about the arrows in the figure? ;D;C;0.0;0.0;0.9993806481361388
4925f7580567fd94d65642c5e55100b4;2010.12487v1-Figure13-1;2010.12487v1-Figure13-1.png;"You are looking at a box plot with 2 subfigures.
The caption is: 'Figure 13: Influence of the number of perturbed samples on the explanation given for a small decision tree on a Yelp review (ν = 0.25, nexp = 100, d = 29). Left panel: n = 50, right panel: n = 8000. Empirical values are less likely to be close to the theoretical predictions for small n.'.
Question: Which of the following values has no word with theoretical prediction equal to it?
[Data-only cue] Focus your response more on numeric or textual values.
Use information from the caption when it directly supports your answer; otherwise, focus on data present in the visual itself.
Available options: {'A': '0.00', 'B': '0.20', 'C': '0.40', 'D': '0.60'}.
Respond only with the corresponding option keyword(s) (e.g., 'A' or 'A,B' if multiple apply, without space between).
Do not include explanations, full sentences, or option text.
If the answer cannot be inferred from the figure and caption, please reply with the sentence: 'It is not possible to answer this question based only on the provided data.'
<thinking> Reasoning (do NOT respond yet)
Step 1 Identify the figure type and its axes/legend.
Step 2 Locate the graphical elements relevant to the question.
Step 3 Extract the key-value information.
Step 4 Determine the required values or qualitative trends.
Step 5 Integrate insights from the caption when necessary.
Step 6 Evaluate the provided answer choices and select the best one
Step 7 Produce the concise answer following the formatting rules above.

Final respond:";"[{""A"": ""0.00"", ""B"": null, ""C"": null, ""D"": null}, {""A"": null, ""B"": ""0.20"", ""C"": null, ""D"": null}, {""A"": null, ""B"": null, ""C"": ""0.40"", ""D"": null}, {""A"": null, ""B"": null, ""C"": null, ""D"": ""0.60""}]";box plot;closed-ended finite answer set non-binary non-visual;Figure 13: Influence of the number of perturbed samples on the explanation given for a small decision tree on a Yelp review (ν = 0.25, nexp = 100, d = 29). Left panel: n = 50, right panel: n = 8000. Empirical values are less likely to be close to the theoretical predictions for small n.;Which of the following values has no word with theoretical prediction equal to it?;C;D;0.0;0.0;0.9993806481361388
5ffdc73aabfd1a09501c8ebb84f39bb6;2020.acl-main.174.pdf-Figure4;2020.acl-main.174.pdf-Figure4.png;"You are looking at a pie chart.
The caption is: 'Figure 4: Average composition of a CSI summary based on different crime-related aspects.'.
Question: The slice of which aspect lies at the bottom of the pie chart?
[Visual cue] Pay attention to color, position, shape, size, height, or direction.
Use information from the caption when it directly supports your answer; otherwise, focus on data present in the visual itself.
Available options: {'A': 'Crime scene', 'B': 'Perpetrator', 'C': 'Cause of death', 'D': 'Motive'}.
Respond only with the corresponding option keyword(s) (e.g., 'A' or 'A,B' if multiple apply, without space between).
Do not include explanations, full sentences, or option text.
If the answer cannot be inferred from the figure and caption, please reply with the sentence: 'It is not possible to answer this question based only on the provided data.'
<thinking> Reasoning (do NOT respond yet)
Step 1 Identify the figure type and its axes/legend.
Step 2 Locate the graphical elements relevant to the question.
Step 3 Extract the key-value information.
Step 4 Determine the required values or qualitative trends.
Step 5 Integrate insights from the caption when necessary.
Step 6 Evaluate the provided answer choices and select the best one
Step 7 Produce the concise answer following the formatting rules above.

Final respond:";"[{""A"": ""Crime scene"", ""B"": null, ""C"": null, ""D"": null}, {""A"": null, ""B"": ""Perpetrator"", ""C"": null, ""D"": null}, {""A"": null, ""B"": null, ""C"": ""Cause of death"", ""D"": null}, {""A"": null, ""B"": null, ""C"": null, ""D"": ""Motive""}]";pie chart;closed-ended finite answer set non-binary visual;Figure 4: Average composition of a CSI summary based on different crime-related aspects.;The slice of which aspect lies at the bottom of the pie chart?;C;D;0.0;0.0;0.9993806481361388
55215f3d30066961b1e92fc097bdc10e;2020.acl-main.39.pdf-Figure6;2020.acl-main.39.pdf-Figure6.png;"You are looking at a bar chart.
The caption is: 'Figure 6: SeqAcc for the Location Attender and best baseline on the Long Lookup Tables task (10 runs).'.
Question: Which dataset shows the lowest value for blue bar?
[Visual cue] Pay attention to color, position, shape, size, height, or direction.
Use information from the caption when it directly supports your answer; otherwise, focus on data present in the visual itself.
Available options: {'A': 'Long 1', 'B': 'Long 4', 'C': 'Long 5', 'D': 'Long 3'}.
Respond only with the corresponding option keyword(s) (e.g., 'A' or 'A,B' if multiple apply, without space between).
Do not include explanations, full sentences, or option text.
If the answer cannot be inferred from the figure and caption, please reply with the sentence: 'It is not possible to answer this question based only on the provided data.'
<thinking> Reasoning (do NOT respond yet)
Step 1 Identify the figure type and its axes/legend.
Step 2 Locate the graphical elements relevant to the question.
Step 3 Extract the key-value information.
Step 4 Determine the required values or qualitative trends.
Step 5 Integrate insights from the caption when necessary.
Step 6 Evaluate the provided answer choices and select the best one
Step 7 Produce the concise answer following the formatting rules above.

Final respond:";"[{""A"": ""Long 1"", ""B"": null, ""C"": null, ""D"": null}, {""A"": null, ""B"": ""Long 4"", ""C"": null, ""D"": null}, {""A"": null, ""B"": null, ""C"": ""Long 5"", ""D"": null}, {""A"": null, ""B"": null, ""C"": null, ""D"": ""Long 3""}]";bar chart;closed-ended finite answer set non-binary visual;Figure 6: SeqAcc for the Location Attender and best baseline on the Long Lookup Tables task (10 runs).;Which dataset shows the lowest value for blue bar?;C;D;0.0;0.0;0.9993806481361388
d205f61f1c8cf2ecc734fc465da8cbda;2010.03763v2-Figure3-1;2010.03763v2-Figure3-1.png;"You are looking at a line chart with 10 subfigures.
The caption is: 'Figure 3: Correlation on BiRD dataset with phrases embedded in sentence context (context-available input setting).'.
Question: Which model achieves highest correlation across all methods and layers without ABBA?
[Data-only cue] Focus your response more on numeric or textual values.
Use information from the caption when it directly supports your answer; otherwise, focus on data present in the visual itself.
Available options: {'A': 'BERT', 'B': 'RoBERTa', 'C': 'DistilBERT', 'D': 'XLNet'}.
Respond only with the corresponding option keyword(s) (e.g., 'A' or 'A,B' if multiple apply, without space between).
Do not include explanations, full sentences, or option text.
If the answer cannot be inferred from the figure and caption, please reply with the sentence: 'It is not possible to answer this question based only on the provided data.'
<thinking> Reasoning (do NOT respond yet)
Step 1 Identify the figure type and its axes/legend.
Step 2 Locate the graphical elements relevant to the question.
Step 3 Extract the key-value information.
Step 4 Determine the required values or qualitative trends.
Step 5 Integrate insights from the caption when necessary.
Step 6 Evaluate the provided answer choices and select the best one
Step 7 Produce the concise answer following the formatting rules above.

Final respond:";"[{""A"": ""BERT"", ""B"": null, ""C"": null, ""D"": null}, {""A"": null, ""B"": ""RoBERTa"", ""C"": null, ""D"": null}, {""A"": null, ""B"": null, ""C"": ""DistilBERT"", ""D"": null}, {""A"": null, ""B"": null, ""C"": null, ""D"": ""XLNet""}]";line chart;closed-ended finite answer set non-binary non-visual;Figure 3: Correlation on BiRD dataset with phrases embedded in sentence context (context-available input setting).;Which model achieves highest correlation across all methods and layers without ABBA?;D;B;0.0;0.0;0.9994707107543944
ac07e404ff4916c92bde405b266eeaac;1706.03815v2-Figure6-1;1706.03815v2-Figure6-1.png;"You are looking at a line chart.
The caption is: 'Figure 6: Synonym discrimination error rates, per representation and synonym pair.'.
Question: How many synonym pairs are represented in the graph?
[Data-only cue] Focus your response more on numeric or textual values.
Use information from the caption when it directly supports your answer; otherwise, focus on data present in the visual itself.
Available options: {'A': '20', 'B': '23', 'C': '24', 'D': '25'}.
Respond only with the corresponding option keyword(s) (e.g., 'A' or 'A,B' if multiple apply, without space between).
Do not include explanations, full sentences, or option text.
If the answer cannot be inferred from the figure and caption, please reply with the sentence: 'It is not possible to answer this question based only on the provided data.'
<thinking> Reasoning (do NOT respond yet)
Step 1 Identify the figure type and its axes/legend.
Step 2 Locate the graphical elements relevant to the question.
Step 3 Extract the key-value information.
Step 4 Determine the required values or qualitative trends.
Step 5 Integrate insights from the caption when necessary.
Step 6 Evaluate the provided answer choices and select the best one
Step 7 Produce the concise answer following the formatting rules above.

Final respond:";"[{""A"": ""20"", ""B"": null, ""C"": null, ""D"": null}, {""A"": null, ""B"": ""23"", ""C"": null, ""D"": null}, {""A"": null, ""B"": null, ""C"": ""24"", ""D"": null}, {""A"": null, ""B"": null, ""C"": null, ""D"": ""25""}]";line chart;closed-ended finite answer set non-binary non-visual;Figure 6: Synonym discrimination error rates, per representation and synonym pair.;How many synonym pairs are represented in the graph?;D;B;0.0;0.0;0.9994707107543944
9825c44d96b59b16ebffade838ec6595;1910.08350v2-Figure1-1;1910.08350v2-Figure1-1.png;"You are looking at a line chart with 2 subfigures.
The caption is: 'Figure 1: The left plot shows F1 scores of BERT-NCE and INFOWORD as we increase the percentage of training examples on SQuAD (dev). The right plot shows F1 scores of INFOWORD on SQuAD (dev) as a function of λDIM.'.
Question: At approximately what λDIM does F1 become maximum for INFOWORD on SQuAD?
[Data-only cue] Focus your response more on numeric or textual values.
Use information from the caption when it directly supports your answer; otherwise, focus on data present in the visual itself.
Available options: {'A': '0.2', 'B': '0.4', 'C': '0.6', 'D': '0.8'}.
Respond only with the corresponding option keyword(s) (e.g., 'A' or 'A,B' if multiple apply, without space between).
Do not include explanations, full sentences, or option text.
If the answer cannot be inferred from the figure and caption, please reply with the sentence: 'It is not possible to answer this question based only on the provided data.'
<thinking> Reasoning (do NOT respond yet)
Step 1 Identify the figure type and its axes/legend.
Step 2 Locate the graphical elements relevant to the question.
Step 3 Extract the key-value information.
Step 4 Determine the required values or qualitative trends.
Step 5 Integrate insights from the caption when necessary.
Step 6 Evaluate the provided answer choices and select the best one
Step 7 Produce the concise answer following the formatting rules above.

Final respond:";"[{""A"": ""0.2"", ""B"": null, ""C"": null, ""D"": null}, {""A"": null, ""B"": ""0.4"", ""C"": null, ""D"": null}, {""A"": null, ""B"": null, ""C"": ""0.6"", ""D"": null}, {""A"": null, ""B"": null, ""C"": null, ""D"": ""0.8""}]";line chart;closed-ended finite answer set non-binary non-visual;Figure 1: The left plot shows F1 scores of BERT-NCE and INFOWORD as we increase the percentage of training examples on SQuAD (dev). The right plot shows F1 scores of INFOWORD on SQuAD (dev) as a function of λDIM.;At approximately what λDIM does F1 become maximum for INFOWORD on SQuAD?;C;B;0.0;0.0;0.9995365738868712
b85df166bc20b89514ab24208a2fa0cc;1802.03116v1-Figure4-1;1802.03116v1-Figure4-1.png;"You are looking at a line chart with 2 subfigures.
The caption is: 'Figure 4: Comparison with ORACLE that uses direct source-target parallel or comparable corpora. The JOINT model corresponds to horizontal lines.'.
Question: Which of the following represents the trend of the JOINT model in the right graph (b)?
[Visual cue] Pay attention to color, position, shape, size, height, or direction.
Use information from the caption when it directly supports your answer; otherwise, focus on data present in the visual itself.
Available options: {'A': 'The red solid line', 'B': 'The blue dashed line', 'C': 'Both the red solid line and the blue dashed line', 'D': 'Neither the red solid line nor the blue dashed line'}.
Respond only with the corresponding option keyword(s) (e.g., 'A' or 'A,B' if multiple apply, without space between).
Do not include explanations, full sentences, or option text.
If the answer cannot be inferred from the figure and caption, please reply with the sentence: 'It is not possible to answer this question based only on the provided data.'
<thinking> Reasoning (do NOT respond yet)
Step 1 Identify the figure type and its axes/legend.
Step 2 Locate the graphical elements relevant to the question.
Step 3 Extract the key-value information.
Step 4 Determine the required values or qualitative trends.
Step 5 Integrate insights from the caption when necessary.
Step 6 Evaluate the provided answer choices and select the best one
Step 7 Produce the concise answer following the formatting rules above.

Final respond:";"[{""A"": ""The red solid line"", ""B"": null, ""C"": null, ""D"": null}, {""A"": null, ""B"": ""The blue dashed line"", ""C"": null, ""D"": null}, {""A"": null, ""B"": null, ""C"": ""Both the red solid line and the blue dashed line"", ""D"": null}, {""A"": null, ""B"": null, ""C"": null, ""D"": ""Neither the red solid line nor the blue dashed line""}]";line chart;closed-ended finite answer set non-binary visual;Figure 4: Comparison with ORACLE that uses direct source-target parallel or comparable corpora. The JOINT model corresponds to horizontal lines.;Which of the following represents the trend of the JOINT model in the right graph (b)?;C;B;0.0;0.0;0.9995365738868712
4aeb3b7133b57e7fa1dc28333ddab69a;1907.00488v1-Figure4.7-1;1907.00488v1-Figure4.7-1.png;"You are looking at a line chart with 2 subfigures.
The caption is: 'Figure 4.7: Two-epoch model likelihoods. Fisher maximum-likelihood estimation for a 2-epoch BEE model over the text-to-text and text-to-past k = 80 models of 647 of Darwin’s readings. The darker line indicates the window of the 5-year minimum epoch length. Note the phase transition at the 325th volume in the text-to-past case (bottom) and the 548th volume in the text-to-text case (top). Note also that the text-topast case comes close to transition at the 548th volume as well, indicating the strength of the transition to exploration in the third epoch on both local and global scales.'.
Question: At approximately what volume number does the line in both graphs become bold and black?
[Visual cue] Pay attention to color, position, shape, size, height, or direction.
Use information from the caption when it directly supports your answer; otherwise, focus on data present in the visual itself.
Available options: {'A': '125', 'B': '150', 'C': '175', 'D': '200'}.
Respond only with the corresponding option keyword(s) (e.g., 'A' or 'A,B' if multiple apply, without space between).
Do not include explanations, full sentences, or option text.
If the answer cannot be inferred from the figure and caption, please reply with the sentence: 'It is not possible to answer this question based only on the provided data.'
<thinking> Reasoning (do NOT respond yet)
Step 1 Identify the figure type and its axes/legend.
Step 2 Locate the graphical elements relevant to the question.
Step 3 Extract the key-value information.
Step 4 Determine the required values or qualitative trends.
Step 5 Integrate insights from the caption when necessary.
Step 6 Evaluate the provided answer choices and select the best one
Step 7 Produce the concise answer following the formatting rules above.

Final respond:";"[{""A"": ""125"", ""B"": null, ""C"": null, ""D"": null}, {""A"": null, ""B"": ""150"", ""C"": null, ""D"": null}, {""A"": null, ""B"": null, ""C"": ""175"", ""D"": null}, {""A"": null, ""B"": null, ""C"": null, ""D"": ""200""}]";line chart;closed-ended finite answer set non-binary visual;Figure 4.7: Two-epoch model likelihoods. Fisher maximum-likelihood estimation for a 2-epoch BEE model over the text-to-text and text-to-past k = 80 models of 647 of Darwin’s readings. The darker line indicates the window of the 5-year minimum epoch length. Note the phase transition at the 325th volume in the text-to-past case (bottom) and the 548th volume in the text-to-text case (top). Note also that the text-topast case comes close to transition at the 548th volume as well, indicating the strength of the transition to exploration in the third epoch on both local and global scales.;At approximately what volume number does the line in both graphs become bold and black?;C;B;0.0;0.0;0.9995365738868712
9c9833dc75b954e7459b2853593f2573;2004.05887v1-Figure4-1;2004.05887v1-Figure4-1.png;"You are looking at a line chart with 2 subfigures.
The caption is: 'Figure 4: Classification accuracies on the validation sets with different values for δ. The x-axis shows the selected qth percentiles of the loge frequencies in the training corpus. The y-axis denotes the accuracy when δ is set to the loge frequency value representing the specific qth percentile.'.
Question: Which of the following models shows the highest accuracy in the validation set for qth percentile values greater than 90?
[Data-only cue] Focus your response more on numeric or textual values.
Use information from the caption when it directly supports your answer; otherwise, focus on data present in the visual itself.
Available options: {'A': 'CNN', 'B': 'LSTM', 'C': 'BERT', 'D': 'None of the above'}.
Respond only with the corresponding option keyword(s) (e.g., 'A' or 'A,B' if multiple apply, without space between).
Do not include explanations, full sentences, or option text.
If the answer cannot be inferred from the figure and caption, please reply with the sentence: 'It is not possible to answer this question based only on the provided data.'
<thinking> Reasoning (do NOT respond yet)
Step 1 Identify the figure type and its axes/legend.
Step 2 Locate the graphical elements relevant to the question.
Step 3 Extract the key-value information.
Step 4 Determine the required values or qualitative trends.
Step 5 Integrate insights from the caption when necessary.
Step 6 Evaluate the provided answer choices and select the best one
Step 7 Produce the concise answer following the formatting rules above.

Final respond:";"[{""A"": ""CNN"", ""B"": null, ""C"": null, ""D"": null}, {""A"": null, ""B"": ""LSTM"", ""C"": null, ""D"": null}, {""A"": null, ""B"": null, ""C"": ""BERT"", ""D"": null}, {""A"": null, ""B"": null, ""C"": null, ""D"": ""None of the above""}]";line chart;closed-ended finite answer set non-binary non-visual;Figure 4: Classification accuracies on the validation sets with different values for δ. The x-axis shows the selected qth percentiles of the loge frequencies in the training corpus. The y-axis denotes the accuracy when δ is set to the loge frequency value representing the specific qth percentile.;Which of the following models shows the highest accuracy in the validation set for qth percentile values greater than 90?;C;B;0.0;0.0;0.9995365738868712
8fec1ee7a4c50b57f4a8a283f480dd5e;W19-5211.pdf-Figure16;W19-5211.pdf-Figure16.png;"You are looking at a confusion matrix.
The caption is: 'Figure 16: POS-based classification accuracy on states from the ENDE encoder.'.
Question: What is the color of 0.0 in the right side of the figure?
[Visual cue] Pay attention to color, position, shape, size, height, or direction.
Use information from the caption when it directly supports your answer; otherwise, focus on data present in the visual itself.
Available options: {'A': 'Green', 'B': 'Red', 'C': 'Blue', 'D': 'Orange'}.
Respond only with the corresponding option keyword(s) (e.g., 'A' or 'A,B' if multiple apply, without space between).
Do not include explanations, full sentences, or option text.
If the answer cannot be inferred from the figure and caption, please reply with the sentence: 'It is not possible to answer this question based only on the provided data.'
<thinking> Reasoning (do NOT respond yet)
Step 1 Identify the figure type and its axes/legend.
Step 2 Locate the graphical elements relevant to the question.
Step 3 Extract the key-value information.
Step 4 Determine the required values or qualitative trends.
Step 5 Integrate insights from the caption when necessary.
Step 6 Evaluate the provided answer choices and select the best one
Step 7 Produce the concise answer following the formatting rules above.

Final respond:";"[{""A"": ""Green"", ""B"": null, ""C"": null, ""D"": null}, {""A"": null, ""B"": ""Red"", ""C"": null, ""D"": null}, {""A"": null, ""B"": null, ""C"": ""Blue"", ""D"": null}, {""A"": null, ""B"": null, ""C"": null, ""D"": ""Orange""}]";confusion matrix;closed-ended finite answer set non-binary visual;Figure 16: POS-based classification accuracy on states from the ENDE encoder.;What is the color of 0.0 in the right side of the figure?;C;B;0.0;0.0;0.9995365738868712
;;;;;;;;;;;;;
;;;;;;;;;;;;;
